question,domain,topic
"In an examination, a candidate scored 385 marks out of 550. Calculate the percentage of marks obtained.",Aptitude,Percentages
"The price of petrol rises by 25%. By what percent should a motorist reduce consumption so that expenditure on petrol remains unchanged?",Aptitude,Percentages
"A student secured 32% marks and failed by 18 marks, while another securing 45% got 27 marks more than the pass mark. Find the maximum marks.",Aptitude,Percentages
"If 40% of a number exceeds 25% of the same number by 60, determine the number.",Aptitude,Percentages
"The population of a town increased by 10% in the first year and decreased by 10% in the second year. Find the net percentage change over the two years.",Aptitude,Percentages
"Salary of an employee is first increased by 20% and later reduced by 20%. Work out the overall percentage change in his salary.",Aptitude,Percentages
"Two candidates contested an election; the winner secured 58% of the valid votes and won by 3200 votes. How many valid votes were polled?",Aptitude,Percentages
"After spending 65% of his income on household expenses and 10% on travel, a man is left with Rs. 7500. Find his monthly income.",Aptitude,Percentages
"The value of a machine depreciates at 8% per annum. If its present value is Rs. 250000, what will it be worth after two years?",Aptitude,Percentages
"In a class of 60 students, 45% are girls. How many boys are there in the class?",Aptitude,Percentages
"A number is increased by 20% and the result is then decreased by 25%. What is the net percentage change in the original number?",Aptitude,Percentages
"Out of 8000 applicants for a recruitment drive, 12.5% were rejected in the screening round. How many candidates cleared screening?",Aptitude,Percentages
"If A's income is 25% more than B's income, by what percent is B's income less than that of A?",Aptitude,Percentages
"The cost of sugar rose from Rs. 40 per kg to Rs. 48 per kg. Find the percentage increase in price.",Aptitude,Percentages
"A company's revenue grew from 8.4 crore to 10.5 crore in one financial year. Express the growth as a percentage.",Aptitude,Percentages
"A trader buys 120 notebooks for Rs. 2400 and sells them at Rs. 25 each. Find his profit percent.",Aptitude,Profit and Loss
"By selling an article for Rs. 720, a shopkeeper loses 10%. At what price should he sell it to gain 15%?",Aptitude,Profit and Loss
"A shopkeeper marks his goods 40% above cost price and allows a discount of 15%. Determine his net gain percent.",Aptitude,Profit and Loss
"If the cost price of 15 pens equals the selling price of 12 pens, calculate the profit percentage.",Aptitude,Profit and Loss
"A dishonest grocer sells goods at cost price but uses a weight of 900 g for one kilogram. Find his gain percent.",Aptitude,Profit and Loss
"Two watches were sold at Rs. 3600 each, one at a gain of 20% and the other at a loss of 20%. Determine the overall result of the transaction.",Aptitude,Profit and Loss
"A mobile phone marked at Rs. 18000 is sold at a discount of 20%. If the cost price was Rs. 12000, find the profit percent.",Aptitude,Profit and Loss
"A fruit seller purchases oranges at 5 for Rs. 20 and sells them at 4 for Rs. 20. What is his percentage profit?",Aptitude,Profit and Loss
"The marked price of a jacket is Rs. 2500 and successive discounts of 10% and 5% are offered. Work out the final selling price.",Aptitude,Profit and Loss
"On selling a bicycle for Rs. 4800, a dealer earns a profit equal to one-fifth of the cost price. Find the cost price.",Aptitude,Profit and Loss
"A retailer wants a profit of 25% after giving a discount of 20% on the labelled price. By what percent above cost should he label the goods?",Aptitude,Profit and Loss
"An article costing Rs. 1500 was sold at a loss of 8%. Find the amount of loss incurred.",Aptitude,Profit and Loss
"A wholesaler sells a consignment to a retailer at 15% profit and the retailer sells it to a customer at 20% profit. If the customer pays Rs. 6900, what did the wholesaler pay?",Aptitude,Profit and Loss
"The difference between the selling prices of an article at 12% profit and at 12% loss is Rs. 480. Determine its cost price.",Aptitude,Profit and Loss
"A man sold two plots for Rs. 900000 each, gaining 25% on one and losing 25% on the other. Find his net result.",Aptitude,Profit and Loss
"Find the simple interest on Rs. 45000 at 7.5% per annum for 3 years.",Aptitude,Simple Interest
"A sum amounts to Rs. 8400 in 4 years at simple interest. Had the rate been 2% higher, it would have amounted to Rs. 9000. Find the sum.",Aptitude,Simple Interest
"At what rate percent per annum will a sum of money double itself in 12 years under simple interest?",Aptitude,Simple Interest
"In how many years will Rs. 12000 amount to Rs. 15600 at 6% per annum simple interest?",Aptitude,Simple Interest
"A person lends Rs. 20000 in two parts, one at 8% and the other at 10% simple interest. If the total annual interest is Rs. 1760, find the amount lent at 8%.",Aptitude,Simple Interest
"The simple interest on a certain sum for 5 years is Rs. 3600 at 9% per annum. Determine the principal.",Aptitude,Simple Interest
"A sum of money becomes three times itself in 16 years at simple interest. In how many years will it become five times?",Aptitude,Simple Interest
"Rs. 6500 invested at simple interest yields Rs. 1560 as interest in 4 years. Work out the annual rate of interest.",Aptitude,Simple Interest
"A principal invested for 3 years earns Rs. 1350 more at 8% per annum than it would at 5% per annum under simple interest. Work out the principal.",Aptitude,Simple Interest
"A loan of Rs. 25000 is repaid after 2 years 6 months with simple interest at 12% per annum. Calculate the total amount repaid.",Aptitude,Simple Interest
"Calculate the compound interest on Rs. 16000 at 10% per annum for 2 years, compounded annually.",Aptitude,Compound Interest
"The difference between compound interest and simple interest on a sum for 2 years at 8% per annum is Rs. 320. Find the sum.",Aptitude,Compound Interest
"A sum of Rs. 12000 is invested at 20% per annum compounded half-yearly. Find the amount at the end of one year.",Aptitude,Compound Interest
"A certain sum becomes Rs. 9680 in 2 years and Rs. 10648 in 3 years under compound interest. Determine the rate of interest.",Aptitude,Compound Interest
"If Rs. 8000 amounts to Rs. 9261 in 3 years under compound interest, work out the annual rate.",Aptitude,Compound Interest
"Find the amount payable on a loan of Rs. 50000 taken at 12% per annum compounded annually for 3 years.",Aptitude,Compound Interest
"A sum triples itself in 4 years under compound interest. In how many years will it become twenty-seven times?",Aptitude,Compound Interest
"The population of a village grows at 5% per annum compounded. If the present population is 20000, estimate the population after 3 years.",Aptitude,Compound Interest
"Rs. 10000 is deposited at 8% per annum compounded quarterly. How much interest accrues in 9 months?",Aptitude,Compound Interest
"The compound interest on a sum for the second year is Rs. 1320 and for the third year is Rs. 1452. Find the rate of interest per annum.",Aptitude,Compound Interest
"Two numbers are in the ratio 5 : 8 and their difference is 63. Find the larger number.",Aptitude,Ratio and Proportion
"Divide Rs. 5400 among A, B and C in the ratio 2 : 3 : 4 and state C's share.",Aptitude,Ratio and Proportion
"If a : b = 3 : 4 and b : c = 6 : 7, determine the combined ratio a : b : c.",Aptitude,Ratio and Proportion
"The ratio of boys to girls in a school is 7 : 5. If there are 180 more boys than girls, find the total strength.",Aptitude,Ratio and Proportion
"What number must be added to each term of the ratio 7 : 13 so that it becomes 2 : 3?",Aptitude,Ratio and Proportion
"Three friends share a prize in the ratio 4 : 5 : 6. If the smallest share is Rs. 3200, calculate the total prize money.",Aptitude,Ratio and Proportion
"If x : y = 2 : 3, find the value of the expression (3x + 2y) : (2x + 5y).",Aptitude,Ratio and Proportion
"Salaries of two employees are in the ratio 9 : 11. If each receives an increment of Rs. 2000, the ratio becomes 5 : 6. Find their original salaries.",Aptitude,Ratio and Proportion
"The sides of a triangle are in the ratio 3 : 4 : 5 and its perimeter is 96 cm. Determine the length of the longest side.",Aptitude,Ratio and Proportion
"Two quantities vary inversely; when one is 15 the other is 8. Find the second quantity when the first becomes 24.",Aptitude,Ratio and Proportion
"An amount is distributed between two partners so that the ratio of their shares is 5 : 7. If the difference of their shares is Rs. 4800, find the total amount.",Aptitude,Ratio and Proportion
"If 12 : 18 is in proportion with 20 : x, find the value of x.",Aptitude,Ratio and Proportion
"The average of 12 numbers is 46. If the number 58 is removed, find the average of the remaining numbers.",Aptitude,Averages
"The mean age of 30 students in a class is 14 years. When the teacher's age is included the mean rises to 15 years. Determine the teacher's age.",Aptitude,Averages
"A batsman scores 68 runs in his seventeenth innings and thereby increases his average by 3. Find his average after that innings.",Aptitude,Averages
"The average weight of 8 persons increases by 2.5 kg when a new person replaces one weighing 55 kg. Work out the weight of the new person.",Aptitude,Averages
"Find the average of the first 25 odd natural numbers.",Aptitude,Averages
"A family spends on average Rs. 18000 monthly for 4 months, Rs. 21000 for the next 5 months and Rs. 24000 for the remaining 3 months. Calculate the average monthly expenditure for the year.",Aptitude,Averages
"The average marks of a section of 40 students is 62 and of another section of 60 students is 72. Find the combined average.",Aptitude,Averages
"Out of five numbers, the average of the first four is 28 and that of the last four is 32. If the first number is 20, find the last number.",Aptitude,Averages
"The average temperature from Monday to Wednesday was 31 degrees and from Tuesday to Thursday 33 degrees. If Thursday recorded 36 degrees, find Monday's temperature.",Aptitude,Averages
"The average salary of all 60 employees in an office is Rs. 32000. If 20 managers average Rs. 50000, find the average salary of the remaining staff.",Aptitude,Averages
"The average of five consecutive even numbers is 36. Identify the largest of these numbers.",Aptitude,Averages
"A student's average score in six subjects is 74. If his scores in five subjects are 68, 72, 80, 65 and 79, what did he score in the sixth?",Aptitude,Averages
"A can complete a task in 12 days and B in 18 days. Working together, how long will they take to finish it?",Aptitude,Time and Work
"If 15 workers can build a wall in 20 days, how many days will 25 workers take to build the same wall?",Aptitude,Time and Work
"A is twice as efficient as B and together they finish a piece of work in 14 days. In how many days can A alone complete it?",Aptitude,Time and Work
"P and Q together complete a job in 10 days, Q and R in 15 days and P and R in 12 days. Find the time taken by all three working together.",Aptitude,Time and Work
"A contractor employs 40 men to finish a project in 60 days. After 30 days only 40% of the work is done. How many additional men are required to finish on time?",Aptitude,Time and Work
"A alone can do a piece of work in 24 days. He works for 8 days and leaves, and B completes the remaining work in 12 days. In how many days can B alone finish the whole work?",Aptitude,Time and Work
"Three machines working simultaneously print 12000 pages in 4 hours. How long will two such machines take to print the same number of pages?",Aptitude,Time and Work
"6 men and 8 women finish a task in 10 days, while 26 men and 48 women finish it in 2 days. Find the time 15 men and 20 women would take.",Aptitude,Time and Work
"A works alone for 5 days, then B joins and together they complete the remaining work in 6 days. If A alone needs 20 days for the entire work, how long would B alone take?",Aptitude,Time and Work
"If 10 tailors stitch 60 shirts in 5 days, how many shirts can 14 tailors stitch in 7 days?",Aptitude,Time and Work
"Two persons undertake a job for Rs. 9000. A can do it in 15 days and B in 10 days. With the help of C they finish it in 5 days. Determine C's share of the payment.",Aptitude,Time and Work
"A does half as much work as B in three-fourths of the time taken by B. If together they take 18 days, how long would B alone take?",Aptitude,Time and Work
"A and B work on alternate days starting with A, where A alone takes 9 days and B alone takes 12 days. Find the total number of days required.",Aptitude,Time and Work
"A piece of work is completed by 12 boys in 16 days working 6 hours a day. How many days will 8 boys working 8 hours a day take?",Aptitude,Time and Work
"A pipe fills a tank in 6 hours while another empties it in 9 hours. If both are opened together, how long will the tank take to fill?",Aptitude,Pipes and Cisterns
"Two inlet pipes fill a cistern in 20 minutes and 30 minutes respectively. Find the time taken when both work together.",Aptitude,Pipes and Cisterns
"A tank has a leak that empties it in 12 hours. An inlet admitting 5 litres per minute fills it in 20 hours despite the leak. Determine the capacity of the tank.",Aptitude,Pipes and Cisterns
"Pipe A fills a tank in 8 hours and pipe B in 12 hours. Both are opened together but A is closed after 3 hours. How much longer will B take to fill the tank?",Aptitude,Pipes and Cisterns
"Three taps can individually fill a reservoir in 10, 15 and 30 hours. Find the time required if all three run together.",Aptitude,Pipes and Cisterns
"A cistern is normally filled in 9 hours but takes 12 hours due to a leak at the bottom. In what time will the leak empty the full cistern?",Aptitude,Pipes and Cisterns
"Two pipes fill a swimming pool in 24 minutes and 36 minutes. If they are opened alternately for one minute each beginning with the faster pipe, how long will the pool take to fill?",Aptitude,Pipes and Cisterns
"An outlet pipe empties a full tank in 15 hours. If two inlet pipes that fill in 10 and 20 hours are also opened, how long will the tank take to fill?",Aptitude,Pipes and Cisterns
"A water tank of 800 litres is filled by a pump delivering 25 litres per minute while an outlet drains 10 litres per minute. Find the time needed to fill the tank.",Aptitude,Pipes and Cisterns
"Pipe X is thrice as fast as pipe Y and together they fill a tank in 36 minutes. How long would pipe Y alone take?",Aptitude,Pipes and Cisterns
"A train travels 360 km in 4 hours. Determine its average speed in kilometres per hour.",Aptitude,Time Speed and Distance
"A car covers the first half of a journey at 40 km/h and the second half at 60 km/h. Find its average speed for the entire journey.",Aptitude,Time Speed and Distance
"Walking at three-fourths of his usual speed, a man reaches office 20 minutes late. Calculate his usual time to reach office.",Aptitude,Time Speed and Distance
"A cyclist covers 90 km at 18 km/h and returns at 15 km/h. What is his average speed for the round trip?",Aptitude,Time Speed and Distance
"Two cities are 480 km apart. A bus starts from one at 60 km/h and a car from the other at 80 km/h at the same time. After how long will they meet?",Aptitude,Time Speed and Distance
"Convert a speed of 72 kilometres per hour into metres per second.",Aptitude,Time Speed and Distance
"A runner completes a 400 m lap in 50 seconds. Find his speed in kilometres per hour.",Aptitude,Time Speed and Distance
"A man travels 150 km partly by bus at 40 km/h and partly by train at 60 km/h, taking 3 hours in all. How far did he travel by bus?",Aptitude,Time Speed and Distance
"If a person increases his speed from 25 km/h to 30 km/h, he saves 30 minutes on a journey. Find the distance covered.",Aptitude,Time Speed and Distance
"Two friends start from the same point and walk in opposite directions at 5 km/h and 7 km/h. After how many hours will they be 36 km apart?",Aptitude,Time Speed and Distance
"A scooter rider travelling at 45 km/h reaches his destination 12 minutes early, while at 36 km/h he is 15 minutes late. Determine the distance.",Aptitude,Time Speed and Distance
"A thief is spotted 200 m ahead by a policeman. If the thief runs at 10 km/h and the policeman chases at 12 km/h, how far will the thief run before being caught?",Aptitude,Time Speed and Distance
"An aeroplane covers a distance in 5 hours at 600 km/h. At what speed must it fly to cover the same distance in 4 hours?",Aptitude,Time Speed and Distance
"A person leaves home at 8 a.m. and reaches a town 120 km away at 11:30 a.m. Work out his average speed.",Aptitude,Time Speed and Distance
"A train 180 m long running at 54 km/h crosses an electric pole. How many seconds does it take?",Aptitude,Problems on Trains
"How long will a 240 m train travelling at 72 km/h take to cross a bridge 360 m long?",Aptitude,Problems on Trains
"Two trains of lengths 150 m and 200 m run on parallel tracks in opposite directions at 60 km/h and 48 km/h. Find the time taken to cross each other.",Aptitude,Problems on Trains
"A train overtakes a man walking at 6 km/h in the same direction in 18 seconds. If the train is 150 m long, determine its speed.",Aptitude,Problems on Trains
"Two trains moving in the same direction at 80 km/h and 65 km/h cross each other in 36 seconds. If one train is 250 m long, find the length of the other.",Aptitude,Problems on Trains
"A train passes a platform 200 m long in 25 seconds and a signal post in 15 seconds. Calculate the length of the train.",Aptitude,Problems on Trains
"A 300 m long express train crosses a stationary goods train of length 500 m in 40 seconds. Find the speed of the express train.",Aptitude,Problems on Trains
"Two stations are 300 km apart and trains leave each station towards the other at 45 km/h and 55 km/h. At what distance from the first station will they meet?",Aptitude,Problems on Trains
"A train leaves a station at 6 a.m. at 50 km/h and another leaves the same station at 8 a.m. at 70 km/h in the same direction. At what time will the second overtake the first?",Aptitude,Problems on Trains
"The ratio of the speeds of two trains is 7 : 8. If the second train covers 400 km in 5 hours, find the speed of the first train.",Aptitude,Problems on Trains
"A boat travels 32 km downstream in 4 hours and returns in 8 hours. Find the speed of the boat in still water.",Aptitude,Boats and Streams
"The speed of a boat in still water is 15 km/h and the stream flows at 3 km/h. How long will the boat take to cover 54 km downstream?",Aptitude,Boats and Streams
"A man rows 18 km upstream in 3 hours and the same distance downstream in 2 hours. Determine the rate of the current.",Aptitude,Boats and Streams
"If a swimmer takes twice as long to swim upstream as downstream, find the ratio of his speed in still water to the speed of the stream.",Aptitude,Boats and Streams
"A motorboat covers 60 km upstream and 60 km downstream in a total of 9 hours. If the current flows at 2 km/h, find the boat's speed in still water.",Aptitude,Boats and Streams
"The downstream speed of a boat is 22 km/h and its upstream speed is 14 km/h. Work out the speed of the stream.",Aptitude,Boats and Streams
"A boatman rows to a place 48 km away and returns in 16 hours. If his speed in still water is 8 km/h, find the speed of the stream.",Aptitude,Boats and Streams
"A boat covers 24 km downstream in 1 hour 30 minutes and the same distance upstream in 3 hours. Calculate its speed in still water.",Aptitude,Boats and Streams
"A person can row at 9 km/h in still water. Against a current flowing at 3 km/h, how long will he take to row 36 km upstream?",Aptitude,Boats and Streams
"Two boats start towards each other from ports 100 km apart on a river, one with the current and one against it. If their still-water speeds are 20 km/h and 15 km/h and the current is 5 km/h, after how long will they meet?",Aptitude,Boats and Streams
"In what ratio must rice costing Rs. 45 per kg be mixed with rice costing Rs. 60 per kg so that the mixture is worth Rs. 50 per kg?",Aptitude,Mixtures and Alligations
"A 60 litre mixture contains milk and water in the ratio 7 : 3. How much water must be added to make the ratio 7 : 5?",Aptitude,Mixtures and Alligations
"From a vessel full of 40 litres of pure milk, 8 litres are removed and replaced with water. If this operation is repeated once more, find the quantity of milk left.",Aptitude,Mixtures and Alligations
"Two alloys contain copper and zinc in the ratios 5 : 3 and 3 : 5. In what proportion should they be melted together to obtain an alloy having copper and zinc in equal measure?",Aptitude,Mixtures and Alligations
"A dealer mixes 20 kg of tea costing Rs. 250 per kg with 30 kg costing Rs. 200 per kg. Determine the cost price per kg of the mixture.",Aptitude,Mixtures and Alligations
"How many litres of water should be added to 45 litres of a 40% acid solution to reduce its concentration to 30%?",Aptitude,Mixtures and Alligations
"A container holds petrol and kerosene in the ratio 9 : 1. If 20 litres of the mixture is replaced by kerosene the ratio becomes 3 : 2. Find the initial quantity of the mixture.",Aptitude,Mixtures and Alligations
"In what ratio should water be mixed with milk costing Rs. 64 per litre so that a seller gains 25% by selling the mixture at Rs. 64 per litre?",Aptitude,Mixtures and Alligations
"Two vessels contain spirit and water in the ratios 3 : 1 and 5 : 3. If equal quantities from both are mixed, find the ratio of spirit to water in the new mixture.",Aptitude,Mixtures and Alligations
"A mixture of 80 litres contains acid and water in the ratio 3 : 5. How much acid must be added to make the ratio 1 : 1?",Aptitude,Mixtures and Alligations
"Find the remainder when 7 raised to the power 103 is divided by 5.",Aptitude,Number System
"How many numbers between 100 and 400 are exactly divisible by 13?",Aptitude,Number System
"Determine the unit digit of the product 137 x 248 x 659.",Aptitude,Number System
"The sum of three consecutive odd numbers is 147. Identify the smallest of them.",Aptitude,Number System
"A number leaves remainder 3 when divided by 5. What remainder will its square leave when divided by 5?",Aptitude,Number System
"Find the least number that must be subtracted from 5432 to make it exactly divisible by 17.",Aptitude,Number System
"How many trailing zeros are there at the end of the value of 50 factorial?",Aptitude,Number System
"Express the recurring decimal 0.363636... as a fraction in its simplest form.",Aptitude,Number System
"A number when divided by 342 leaves a remainder 47. Find the remainder when the same number is divided by 19.",Aptitude,Number System
"Identify the largest four-digit number that is exactly divisible by 88.",Aptitude,Number System
"Find the total count of prime numbers lying between 50 and 100.",Aptitude,Number System
"When the digits of a two-digit number are reversed the number decreases by 27. If the sum of its digits is 11, find the original number.",Aptitude,Number System
"Find the highest common factor of 204, 1190 and 1445.",Aptitude,HCF and LCM
"Determine the least number which when divided by 12, 15 and 20 leaves a remainder of 5 in each case.",Aptitude,HCF and LCM
"The HCF of two numbers is 12 and their LCM is 336. If one number is 84, find the other.",Aptitude,HCF and LCM
"Three bells ring at intervals of 18, 24 and 32 minutes. If they ring together at 9 a.m., when will they next ring simultaneously?",Aptitude,HCF and LCM
"Find the greatest number that divides 152, 200 and 296 leaving the same remainder in each case.",Aptitude,HCF and LCM
"What is the smallest five-digit number exactly divisible by 16, 24 and 36?",Aptitude,HCF and LCM
"Two numbers are in the ratio 3 : 4 and their least common multiple is 180. Find the numbers.",Aptitude,HCF and LCM
"Determine the LCM of the fractions 2/3, 8/9 and 10/27.",Aptitude,HCF and LCM
"Four metal rods of lengths 84 cm, 90 cm, 120 cm and 60 cm are to be cut into equal pieces of maximum possible length. Find that length.",Aptitude,HCF and LCM
"Find the least number which when increased by 7 becomes divisible by 15, 25 and 40.",Aptitude,HCF and LCM
"In how many distinct ways can the letters of the word ENGINEER be arranged?",Aptitude,Permutation and Combination
"A committee of 4 members is to be formed from 7 men and 5 women such that at least 2 women are included. Find the number of ways.",Aptitude,Permutation and Combination
"How many four-digit numbers can be formed using the digits 1 to 7 without repetition?",Aptitude,Permutation and Combination
"Determine the number of ways in which 8 people can be seated around a circular table.",Aptitude,Permutation and Combination
"From a pack of 52 cards, in how many ways can 5 cards be selected so that all belong to the same suit?",Aptitude,Permutation and Combination
"In how many ways can 5 boys and 3 girls stand in a row so that no two girls stand together?",Aptitude,Permutation and Combination
"How many diagonals can be drawn in a regular polygon having 12 sides?",Aptitude,Permutation and Combination
"A password consists of 3 letters followed by 2 digits with repetition allowed. Calculate the total number of possible passwords.",Aptitude,Permutation and Combination
"Out of 9 players a team of 5 has to be chosen, and one particular player must always be included. In how many ways can this be done?",Aptitude,Permutation and Combination
"Find the number of ways of distributing 10 identical chocolates among 3 children so that each child gets at least one.",Aptitude,Permutation and Combination
"How many different arrangements can be made using all the letters of the word MATHEMATICS?",Aptitude,Permutation and Combination
"In an examination a student must answer 6 questions out of 10, of which the first two are compulsory. In how many ways can he choose the questions?",Aptitude,Permutation and Combination
"A bag contains 5 red, 4 green and 3 blue balls. If one ball is drawn at random, find the probability that it is not blue.",Aptitude,Probability
"Two dice are rolled together. Determine the probability that the sum of the numbers shown is 9.",Aptitude,Probability
"A card is drawn at random from a well shuffled pack of 52 cards. What are the chances of getting a face card?",Aptitude,Probability
"Three coins are tossed simultaneously. Find the probability of obtaining at least two heads.",Aptitude,Probability
"From a group of 6 boys and 4 girls two students are chosen at random. Calculate the probability that both are girls.",Aptitude,Probability
"A number is selected at random from 1 to 50. Find the probability that it is a multiple of 4 or 6.",Aptitude,Probability
"If the probability of an event occurring is 0.35, determine the probability of that event not occurring.",Aptitude,Probability
"Two cards are drawn one after another without replacement from a deck of 52 cards. Find the probability that both are aces.",Aptitude,Probability
"A box contains 12 bulbs of which 4 are defective. If two bulbs are picked at random, what is the chance that both are good?",Aptitude,Probability
"In a class 60% of students play cricket, 45% play football and 25% play both. If a student is chosen at random, find the probability that he plays at least one of the two games.",Aptitude,Probability
"A letter is chosen at random from the word PROBABILITY. Determine the probability that the letter is a vowel.",Aptitude,Probability
"The probability of A being selected in an interview is 1/5 and of B is 1/3. Find the probability that exactly one of them is selected.",Aptitude,Probability
"The present age of a father is three times that of his son. Five years ago it was four times. Find the son's present age.",Aptitude,Ages
"The ratio of the ages of A and B is 4 : 5 and after 8 years it becomes 5 : 6. Determine their present ages.",Aptitude,Ages
"A man is 26 years older than his daughter. In 10 years he will be three times as old as her. Find their present ages.",Aptitude,Ages
"The sum of the ages of a mother and her daughter is 60 years. Ten years ago the mother was five times as old as the daughter. How old is the daughter now?",Aptitude,Ages
"Ten years hence Rahul will be twice as old as he was ten years ago. What is his present age?",Aptitude,Ages
"The average age of a family of 5 members is 28 years. If the youngest member is 8 years old, find the average age of the family at the time of his birth.",Aptitude,Ages
"A is younger than B by 9 years and the ratio of their ages is 5 : 8. Calculate A's age.",Aptitude,Ages
"The age of a person 6 years ago was three-fifths of his age 6 years from now. Find his present age.",Aptitude,Ages
"The combined age of three brothers is 45 years and their ages are in the ratio 2 : 3 : 4. Find the age of the eldest brother.",Aptitude,Ages
"Fifteen years ago Meena's mother was four times as old as Meena, and after 15 years she will be twice as old. What is Meena's present age?",Aptitude,Ages
"A and B invest Rs. 45000 and Rs. 60000 in a business. If the annual profit is Rs. 35000, find A's share.",Aptitude,Partnership
"Three partners invest capital in the ratio 3 : 4 : 5 for the same period. If the total profit is Rs. 48000, determine the share of the second partner.",Aptitude,Partnership
"X starts a business with Rs. 80000 and after 4 months Y joins with Rs. 120000. Find the ratio in which they should divide the annual profit.",Aptitude,Partnership
"A, B and C start a venture investing Rs. 20000, Rs. 30000 and Rs. 40000. A withdraws after 6 months while the others continue for a year. How should a profit of Rs. 25000 be divided?",Aptitude,Partnership
"One partner invests Rs. 25000 for 8 months and another Rs. 40000 for 5 months. Find the ratio in which the profit should be shared.",Aptitude,Partnership
"In a firm the working partner receives 10% of the profit as salary and the rest is shared in proportion to capital. If the total profit is Rs. 60000 and the capitals are equal, find the working partner's total earnings.",Aptitude,Partnership
"A invested Rs. 50000 in a firm and B joined later with Rs. 75000. If the profits at the end of the year were divided equally, for how many months was B's money invested?",Aptitude,Partnership
"Three villagers rent a grazing field and graze 24 cows for 3 months, 15 cows for 4 months and 30 cows for 2 months. In what ratio should the rent be shared?",Aptitude,Partnership
"The capitals of two partners are in the ratio 5 : 6 and their periods of investment in the ratio 3 : 2. Determine the ratio of their profits.",Aptitude,Partnership
"A and B enter into a partnership with Rs. 36000 and Rs. 54000. At the end of the year A receives Rs. 12000 as his share. Calculate the total profit earned.",Aptitude,Partnership
"Find the angle between the hour hand and the minute hand of a clock at 3:40.",Aptitude,Clocks
"At what time between 4 and 5 o'clock will the two hands of a clock coincide?",Aptitude,Clocks
"A watch gains 5 seconds every 3 minutes. If it was set right at 8 a.m., how much will it have gained by 6 p.m.?",Aptitude,Clocks
"How many times do the hands of a clock form a right angle in a period of 24 hours?",Aptitude,Clocks
"At what time between 7 and 8 o'clock will the two hands of a clock point in opposite directions?",Aptitude,Clocks
"Through what angle does the minute hand of a clock move in 25 minutes?",Aptitude,Clocks
"A wall clock loses 3 minutes every hour. If it is set correctly at 12 noon, what time will it show at 8 p.m. the same day?",Aptitude,Clocks
"The reflection of a clock seen in a mirror shows the time as 4:20. What is the actual time?",Aptitude,Clocks
"If 15 August 2020 was a Saturday, what day of the week was 15 August 2021?",Aptitude,Calendars
"Find the day of the week on 26 January 1950.",Aptitude,Calendars
"How many leap years occur in the period from 1900 to 2000?",Aptitude,Calendars
"Calculate the number of odd days in a period of 100 years.",Aptitude,Calendars
"The calendar of which future year will be exactly identical to the calendar of 2024?",Aptitude,Calendars
"If the first day of a non-leap year is Monday, what will be the last day of that year?",Aptitude,Calendars
"A month begins on a Friday and has 31 days. How many Sundays fall in that month?",Aptitude,Calendars
"On which day of the week will 1 January 2030 fall?",Aptitude,Calendars
"The bar graph shows the sales of a company from 2016 to 2021. Find the percentage increase in sales from 2018 to 2019.",Aptitude,Data Interpretation
"A pie chart represents the monthly budget of a household. If 18% of the budget goes to education and the total income is Rs. 50000, calculate the amount spent on education.",Aptitude,Data Interpretation
"The table gives the number of candidates appearing and qualifying in an examination over five years. Determine the year with the highest qualifying percentage.",Aptitude,Data Interpretation
"From the line graph showing the production of two factories, find the ratio of the total production of Factory A to that of Factory B over the given period.",Aptitude,Data Interpretation
"Study the given table of marks scored by six students in four subjects and find the average marks of the student who scored highest in Mathematics.",Aptitude,Data Interpretation
"In a pie chart showing the distribution of employees across five departments, find the central angle for the Marketing department if it employs 25% of the staff.",Aptitude,Data Interpretation
"The bar chart shows monthly rainfall in a city. By what percent did the rainfall in July exceed that in June?",Aptitude,Data Interpretation
"Refer to the table of imports and exports of a country and determine the year in which the trade deficit was the largest.",Aptitude,Data Interpretation
"The graph depicts the number of two-wheelers and four-wheelers sold by a dealer in each quarter. Find the quarter in which the difference between the two was minimum.",Aptitude,Data Interpretation
"Based on the given data on a firm's expenditure on salaries, rent, utilities and transport, calculate what fraction of the total expenditure went to salaries.",Aptitude,Data Interpretation
"In a certain code language, TEACHER is written as VGCEJGT. How will STUDENT be written in the same code?",Aptitude,Coding-Decoding
"If MOUSE is written as NPVTF in a code language, decode the word written there as UBCMF.",Aptitude,Coding-Decoding
"In a certain language 'pit na som' means 'bring me water' and 'na jo lik' means 'water is cold'. Which word stands for water?",Aptitude,Coding-Decoding
"If GARDEN is written as 715184514 using letter positions, how would the word ROSE be represented?",Aptitude,Coding-Decoding
"In a code, each letter of a word is shifted two places forward in the alphabet. Write the code for the word PLANT.",Aptitude,Coding-Decoding
"If CAT is coded as 24 and DOG as 26 based on the sum of the positions of their letters, find the code for RAT.",Aptitude,Coding-Decoding
"In a certain code SYSTEM is written as SYSMET and NEARER as AENRER. How will FRACTION be written in that code?",Aptitude,Coding-Decoding
"Decode the word obtained when each letter of BRAIN is replaced by its opposite letter in the alphabet.",Aptitude,Coding-Decoding
"In a particular language 'blue' means 'sky', 'sky' means 'cloud' and 'cloud' means 'rain'. What will a speaker of this language call the water falling from above?",Aptitude,Coding-Decoding
"If the code for NUMBER is OVNCFS, identify the code for LETTER following the same pattern.",Aptitude,Coding-Decoding
"In a code language TABLE is written as 20112125. Following the same rule, encode the word CHAIR.",Aptitude,Coding-Decoding
"A coding system assigns each word a number equal to three times its letter count. What number will be assigned to the word PLACEMENT?",Aptitude,Coding-Decoding
"Find the next term in the series: 3, 7, 15, 31, 63, ?",Aptitude,Number Series
"Identify the missing number in the sequence: 5, 11, 23, 47, ?, 191",Aptitude,Number Series
"Which number will replace the question mark: 2, 6, 12, 20, 30, ?",Aptitude,Number Series
"Complete the series: 121, 144, 169, 196, ?",Aptitude,Number Series
"Find the wrong term in the sequence: 4, 9, 19, 39, 80, 159",Aptitude,Number Series
"What number comes next in the pattern: 1, 4, 27, 256, ?",Aptitude,Number Series
"Determine the missing figure in the series: 8, 24, 12, 36, 18, ?",Aptitude,Number Series
"Continue the pattern: 100, 92, 83, 73, 62, ?",Aptitude,Number Series
"Find the value that replaces the question mark: 7, 14, 28, 56, ?",Aptitude,Number Series
"Which number does not belong to the series: 11, 13, 17, 19, 21, 23",Aptitude,Number Series
"Fill in the blank in the sequence: 0, 3, 8, 15, 24, ?",Aptitude,Number Series
"Identify the next two terms of the sequence: 2, 3, 5, 8, 13, 21, ?",Aptitude,Number Series
"Find the next group of letters in the series: AZ, BY, CX, DW, ?",Aptitude,Letter Series
"Complete the letter series: ABD, DGK, HMS, MTB, ?",Aptitude,Letter Series
"Which set comes next in the sequence: JAK, KBL, LCM, MDN, ?",Aptitude,Letter Series
"Identify the missing term in the series: Z, W, T, Q, ?",Aptitude,Letter Series
"What follows in the sequence: ACE, BDF, CEG, ?",Aptitude,Letter Series
"Fill in the blank in the series: B, D, G, K, ?",Aptitude,Letter Series
"Find the odd group out among ADG, BEH, CFI and DHK.",Aptitude,Letter Series
"Continue the alphabetical pattern: PQ, RS, TU, VW, ?",Aptitude,Letter Series
"Which letter pair completes the series: AC, FH, KM, PR, ?",Aptitude,Letter Series
"Determine the missing letters in the sequence a _ bb _ baa _ bbb _ aab.",Aptitude,Letter Series
"Doctor is to Hospital as Teacher is to which place?",Aptitude,Analogies
"Complete the analogy: Pen is to Write as Knife is to what?",Aptitude,Analogies
"Bird relates to Nest in the same way as Bee relates to which word?",Aptitude,Analogies
"Hunger is related to Food in the same way as Thirst is related to what?",Aptitude,Analogies
"Identify the numerical relationship and complete: 8 : 64 as 11 : ?",Aptitude,Analogies
"Carpenter is to Wood as Blacksmith is to which material?",Aptitude,Analogies
"Choose the word that completes the pair: Ocean is to Water as Desert is to what?",Aptitude,Analogies
"Book is to Author as Painting is to which person?",Aptitude,Analogies
"Find the missing term: CAT is to DBU as DOG is to what?",Aptitude,Analogies
"Thermometer is to Temperature as Barometer is to which quantity?",Aptitude,Analogies
"Pointing to a photograph a man said, 'She is the daughter of my grandfather's only son.' How is the woman related to him?",Aptitude,Blood Relations
"A is the brother of B, B is the sister of C, and C is the father of D. How is D related to A?",Aptitude,Blood Relations
"Introducing a lady, Rahul said, 'Her husband is the only son of my mother.' How is the lady related to Rahul?",Aptitude,Blood Relations
"If P + Q means P is the father of Q and P - Q means P is the wife of Q, then what does the expression A + B - C indicate?",Aptitude,Blood Relations
"Ravi's mother is the only daughter of Suresh's father. How is Suresh related to Ravi?",Aptitude,Blood Relations
"Anita said, 'This boy is the son of the only son of my grandfather.' How is the boy related to Anita?",Aptitude,Blood Relations
"X is the maternal uncle of Y, who is the daughter of Z. How is Z related to X?",Aptitude,Blood Relations
"Pointing to a man in a group photograph a woman said, 'His mother's only daughter is my mother.' What is the man to the woman?",Aptitude,Blood Relations
"A is the son of B, C is the daughter of B and D is the brother of C. How is D related to A?",Aptitude,Blood Relations
"Deepak's father's sister's husband is Rakesh. How is Rakesh related to Deepak?",Aptitude,Blood Relations
"In a family M is the wife of N and they have two children P and Q. If R is the son of P, how is R related to N?",Aptitude,Blood Relations
"Given that 'A x B' means A is the mother of B and 'A / B' means A is the brother of B, interpret the expression K x L / M.",Aptitude,Blood Relations
"A man walks 5 km north, turns right and walks 3 km, then turns right again and walks 5 km. How far is he from the starting point?",Aptitude,Direction Sense
"Starting from his house Anil cycles 10 km east, then 6 km south and then 4 km west. In which direction is he now from his house?",Aptitude,Direction Sense
"A person facing south turns 135 degrees clockwise and then 45 degrees anticlockwise. Which direction is he facing now?",Aptitude,Direction Sense
"Two friends start from the same point; one goes 8 km north and the other 6 km east. Find the shortest distance between them.",Aptitude,Direction Sense
"Ramesh walks 20 m towards the north, turns left and walks 30 m, then turns left again and walks 20 m. Which direction is he facing at the end?",Aptitude,Direction Sense
"At sunrise a boy walks with his shadow falling exactly behind him. In which direction is he walking?",Aptitude,Direction Sense
"A car travels 12 km towards west, takes a left turn and covers 9 km, then takes another left and moves 12 km. Determine its distance from the starting point.",Aptitude,Direction Sense
"If south-east becomes north, north-east becomes west and the other directions change accordingly, what will west become?",Aptitude,Direction Sense
"A postman starts from the post office, goes 4 km north, 3 km east, 4 km south and 5 km west. How far is he from the post office?",Aptitude,Direction Sense
"Walking 15 m towards east a man turns right and walks 20 m, then turns right again and walks 15 m. How far and in which direction is he from his original position?",Aptitude,Direction Sense
"Statements: All pens are books. All books are papers. Conclusions: I. All pens are papers. II. Some papers are pens. Which conclusion follows?",Aptitude,Syllogisms
"Statements: Some doctors are engineers. All engineers are graduates. Determine which conclusions logically follow from these statements.",Aptitude,Syllogisms
"Statements: No cat is a dog. All dogs are animals. Examine whether the conclusion that some animals are not cats follows.",Aptitude,Syllogisms
"Statements: All flowers are red. Some red things are soft. Decide whether the conclusion that some flowers are soft follows.",Aptitude,Syllogisms
"Statements: Every student in the class passed the test. Rahul is a student of that class. What can be concluded about Rahul?",Aptitude,Syllogisms
"Statements: Some machines are tools. No tool is a toy. Assess the validity of the conclusion that no machine is a toy.",Aptitude,Syllogisms
"Statements: All mangoes are fruits. Some fruits are sour. Conclusions: I. Some mangoes are sour. II. All fruits are mangoes. State which follows.",Aptitude,Syllogisms
"Statements: Only a few managers are leaders. All leaders are motivators. Identify the conclusion that definitely follows.",Aptitude,Syllogisms
"Statements: No book is a pencil. Some pencils are erasers. Check whether the conclusion that some erasers are not books is valid.",Aptitude,Syllogisms
"Statements: All squares are rectangles. All rectangles are quadrilaterals. Which statement about squares must necessarily be true?",Aptitude,Syllogisms
"Eight friends are seated around a circular table facing the centre. If A sits second to the left of B and C sits opposite A, determine C's position with respect to B.",Aptitude,Seating Arrangement
"Five boys sit in a row where P is to the right of Q, R is to the left of Q but to the right of S, and T is to the right of P. Who is sitting in the middle?",Aptitude,Seating Arrangement
"Six people sit in two rows of three each facing one another. Given that X faces Y and Z sits at one end, find who sits opposite Z.",Aptitude,Seating Arrangement
"Seven students stand in a queue facing north. If M is fourth from the left end and N is third from the right, how many students stand between them?",Aptitude,Seating Arrangement
"Four couples are seated around a rectangular table with two persons on each side. Establish who sits diagonally opposite the host.",Aptitude,Seating Arrangement
"Ten persons sit in a circle facing outward and one person sits third to the right of another. Explain how their relative position changes if all of them turn to face the centre.",Aptitude,Seating Arrangement
"Five friends A, B, C, D and E sit on a bench. C is between A and D, B is at the extreme left and E is to the immediate right of A. Who occupies the extreme right position?",Aptitude,Seating Arrangement
"Eight executives attend a meeting seated around a square table with two on each side. Determine who sits fourth to the left of the chairperson.",Aptitude,Seating Arrangement
"Six students are seated in a row facing south. If the student at the extreme left is shifted to the extreme right, what will be the new position of the one who was third from the right?",Aptitude,Seating Arrangement
"Nine friends are seated in three rows of three each. Using the given clues about the corner seats, identify the person seated at the centre.",Aptitude,Seating Arrangement
"In a row of chairs all facing east, the person seated in the middle has three people on his left. Find the total number of persons in the row.",Aptitude,Seating Arrangement
"Five members of a panel sit in a straight line facing the audience. If the chairman must occupy the centre seat and two particular members must sit at the ends, describe the possible arrangements.",Aptitude,Seating Arrangement
"In a class of 45 students Rohit ranks 12th from the top. What is his rank from the bottom?",Aptitude,Ranking
"In a row of boys Kiran is 7th from the left and 11th from the right. Find the total number of boys in the row.",Aptitude,Ranking
"Meera is 15th from the top and 20th from the bottom in a merit list. How many candidates are there in total?",Aptitude,Ranking
"In a queue a person is 9th from the front and 14 people stand behind him. Determine his position from the rear.",Aptitude,Ranking
"Among five students of different heights, A is taller than B but shorter than C, and D is the shortest. Who is the second tallest if E is taller than C?",Aptitude,Ranking
"Suresh ranked 18th from the top among the students who passed an examination. If 25 students failed out of 60 candidates, find his rank from the bottom.",Aptitude,Ranking
"Five friends compare their weights; P is heavier than Q, R is lighter than S but heavier than P, and S is lighter than T. Who is the heaviest?",Aptitude,Ranking
"In a row of 30 children Anu is 8th from the right. If she shifts four places towards the left, what becomes her position from the left end?",Aptitude,Ranking
"Ravi is 10 ranks ahead of Manoj in a class of 50 students. If Manoj is 30th from the top, find Ravi's rank from the bottom.",Aptitude,Ranking
"Four books are stacked one above another; the physics book lies immediately above the chemistry book and below the maths book, while biology is above maths. Which book lies at the bottom?",Aptitude,Ranking
"All the students who attended the workshop received certificates. Vinay received a certificate. What can be logically deduced about Vinay?",Aptitude,Logical Deduction
"If every employee who works overtime is paid a bonus and Sneha was not paid a bonus, what conclusion can be drawn about Sneha?",Aptitude,Logical Deduction
"Given that no member of the committee is below 30 years of age and Arun is 26, deduce whether Arun can be a member.",Aptitude,Logical Deduction
"Either the train is delayed or the passengers have already boarded. The passengers have not boarded. What logically follows?",Aptitude,Logical Deduction
"In a company only graduates are eligible for promotion and all promoted staff receive a car allowance. What can be inferred about a person receiving a car allowance?",Aptitude,Logical Deduction
"If it rains the match will be cancelled. The match was not cancelled. What can be concluded about the weather?",Aptitude,Logical Deduction
"Some of the shortlisted candidates are engineers and all engineers in the list cleared the aptitude test. Deduce what must be true of the shortlisted engineers.",Aptitude,Logical Deduction
"All the keys kept in the drawer open the main gate. The key in my pocket does not open the main gate. What can be concluded about that key?",Aptitude,Logical Deduction
"Statement: The government has increased the subsidy on fertilisers. Conclusion: Farmers will benefit from the decision. Decide whether the conclusion follows.",Aptitude,Statement and Conclusion
"Statement: Many passengers were stranded as the airline cancelled flights due to fog. Conclusion I: Fog affects flight operations. Conclusion II: Airlines never plan for bad weather. Which conclusion follows?",Aptitude,Statement and Conclusion
"Statement: The company has decided to conduct training sessions for all new recruits. Conclusion: The new recruits lack the required skills. Examine whether this conclusion is valid.",Aptitude,Statement and Conclusion
"Statement: Prices of vegetables have doubled in the city over the last month. Conclusion: Supply from the neighbouring districts has been disrupted. Does the conclusion follow?",Aptitude,Statement and Conclusion
"Statement: A notice in the college requires students to carry identity cards at all times. Conclusion: Security on the campus is being tightened. Assess the conclusion.",Aptitude,Statement and Conclusion
"Statement: The literacy rate in the state has risen sharply over the last decade. Conclusion I: Educational schemes have been effective. Conclusion II: The population has declined. Which conclusion follows?",Aptitude,Statement and Conclusion
"Statement: Despite heavy investment the start-up shut down within two years. Conclusion: Investment alone does not guarantee business success. Is the conclusion justified?",Aptitude,Statement and Conclusion
"Statement: The municipality has banned plastic carry bags in the market area. Conclusion: Shopkeepers will look for alternative packaging material. State whether the conclusion follows.",Aptitude,Statement and Conclusion
"Statement: The bus fare has been revised upward after a gap of five years. Conclusion: The operating costs of the transport corporation have increased. Evaluate this conclusion.",Aptitude,Statement and Conclusion
"Statement: Several employees applied for voluntary retirement this year. Conclusion I: The organisation is facing financial trouble. Conclusion II: The scheme was attractive. Which of these follows?",Aptitude,Statement and Conclusion
"Statement: The college has advised students to reach the examination hall thirty minutes early. Assumption: Students will comply with the instruction. Is the assumption implicit?",Aptitude,Statement and Assumption
"Statement: An advertisement claims guaranteed next-day delivery by a courier service. Assumption: People value speedy delivery. Determine whether the assumption is implicit.",Aptitude,Statement and Assumption
"Statement: The government has launched an online portal for filing complaints. Assumption: Citizens have access to the internet. Decide whether this assumption is implicit.",Aptitude,Statement and Assumption
"Statement: A company advertises a vacancy in a regional newspaper. Assumption: Suitable candidates read that newspaper. Is the assumption implied?",Aptitude,Statement and Assumption
"Statement: The school has decided to hold classes in two shifts. Assumption: There is a shortage of classrooms in the school. Examine whether the assumption holds.",Aptitude,Statement and Assumption
"Statement: A circular asks students to deposit fees before the tenth of the month to avoid a fine. Assumption: Students wish to avoid paying a fine. Is this assumption implicit?",Aptitude,Statement and Assumption
"Statement: The hospital has installed a token system at the outpatient counter. Assumption: Patients were facing difficulty because of crowding. Assess whether the assumption is implicit.",Aptitude,Statement and Assumption
"Statement: A bank has extended its working hours during the festival season. Assumption: Customer footfall increases during festivals. Decide if the assumption follows.",Aptitude,Statement and Assumption
"What is the two-digit number? I. The sum of its digits is 9. II. The number is divisible by 9. Decide which statement is sufficient to answer.",Aptitude,Data Sufficiency
"How many days will A take to complete the work alone? I. A and B together finish it in 8 days. II. B is twice as efficient as A. Determine the sufficiency of the statements.",Aptitude,Data Sufficiency
"Find the age of the father. I. The ratio of the ages of the father and the son is 5 : 2. II. The son is 14 years old. Which statements are required?",Aptitude,Data Sufficiency
"What is the speed of the train? I. It crosses a pole in 12 seconds. II. The train is 240 m long. Judge whether the given data is sufficient.",Aptitude,Data Sufficiency
"Is x greater than y? I. x + 3 = y - 2. II. Both x and y are positive integers. State whether the statements answer the question.",Aptitude,Data Sufficiency
"What is the cost price of the article? I. It was sold at a profit of 20%. II. The selling price was Rs. 720. Which statement or statements suffice?",Aptitude,Data Sufficiency
"In which year was Ramesh born? I. He is 6 years older than his sister. II. His sister was born in 1998. Assess the data sufficiency.",Aptitude,Data Sufficiency
"What is the area of the rectangular plot? I. Its perimeter is 80 m. II. Its length is twice its breadth. Decide whether the given data suffices.",Aptitude,Data Sufficiency
"Who among the five friends scored the highest? I. P scored more than Q and R. II. S scored more than P but less than T. Determine the sufficiency of the data.",Aptitude,Data Sufficiency
"How much simple interest will be earned on the deposit? I. The rate of interest is 9% per annum. II. The amount was invested for 3 years. Judge whether the question can be answered.",Aptitude,Data Sufficiency
"Five friends live on different floors of a five-storey building. Using the given clues about who lives above whom, identify the person on the topmost floor.",Aptitude,Puzzles
"Six boxes of different colours are stacked one above the other. From the given conditions about their positions, determine which box lies immediately above the red box.",Aptitude,Puzzles
"Four persons born in different years pursue different professions. From the clues provided, work out who among them is the oldest.",Aptitude,Puzzles
"Seven employees visit the office on different days of a week. Based on the given information, find the day on which the manager visits.",Aptitude,Puzzles
"A person must cross a river with a wolf, a goat and a cabbage in a boat that carries only one item at a time. Describe the minimum number of trips required.",Aptitude,Puzzles
"Three friends buy different gadgets from different shops on different days. From the given clues, identify the gadget purchased on Wednesday.",Aptitude,Puzzles
"Five candidates are interviewed in five different time slots. Determine the slot allotted to the candidate interviewed immediately after the candidate from Delhi.",Aptitude,Puzzles
"A man has to measure exactly 4 litres of water using only a 3-litre jar and a 5-litre jar. Explain the sequence of steps required.",Aptitude,Puzzles
"Eight members of a family belonging to three generations are related in a certain manner. Using the clues given, establish how the youngest member is related to the eldest.",Aptitude,Puzzles
"Six students appear for examinations in different subjects in different months. From the given conditions, decide who appeared for the examination in March.",Aptitude,Puzzles
"Correct the sentence: Neither of the two candidates were selected for the final round.",Aptitude,Sentence Correction
"Rewrite the following correctly: He is one of those who always tries to help others.",Aptitude,Sentence Correction
"Identify and correct the mistake: The manager along with his team members are attending the conference.",Aptitude,Sentence Correction
"Correct the following sentence: She has been working here since five years.",Aptitude,Sentence Correction
"Point out the error and rewrite: Each of the participants have submitted their reports.",Aptitude,Sentence Correction
"Correct the usage in the sentence: I prefer coffee than tea in the morning.",Aptitude,Sentence Correction
"Correct the sentence: Scarcely had I entered the hall than the lights went off.",Aptitude,Sentence Correction
"Fix the grammatical error in the sentence: The teacher asked the students that why they were late.",Aptitude,Sentence Correction
"Correct the sentence: He returned back from Delhi yesterday night.",Aptitude,Sentence Correction
"Rewrite the following sentence correctly: If I would have known about the meeting, I would have attended it.",Aptitude,Sentence Correction
"Correct the error in the sentence: The quantity of applications received this year are higher than last year.",Aptitude,Sentence Correction
"Improve the sentence grammatically: Both the brothers does not agree with each other.",Aptitude,Sentence Correction
"Correct the sentence: She is senior than me by three years in this organisation.",Aptitude,Sentence Correction
"Rewrite with the correct verb form: The list of items were placed on the table.",Aptitude,Sentence Correction
"Improve the following sentence: The reason why he failed is because he did not prepare well.",Aptitude,Sentence Improvement
"Suggest a better construction for the sentence: In spite of he was ill, he attended the seminar.",Aptitude,Sentence Improvement
"Improve the expression: The committee has finally arrived to a decision.",Aptitude,Sentence Improvement
"Replace the incorrect phrase in the sentence: He was accused for stealing the documents.",Aptitude,Sentence Improvement
"Improve the sentence: The candidate was asked to explain about his previous project.",Aptitude,Sentence Improvement
"Suggest an improvement for the sentence: Being a rainy day, the match was postponed.",Aptitude,Sentence Improvement
"Improve the highlighted expression in the sentence: He is capable to handle difficult clients.",Aptitude,Sentence Improvement
"Rephrase for clarity: The new policy will effect all employees from next month.",Aptitude,Sentence Improvement
"Improve the following sentence: She told that she would join the company next week.",Aptitude,Sentence Improvement
"Suggest a better form of the sentence: Not only he lost his wallet but also his passport.",Aptitude,Sentence Improvement
"Improve the sentence: The meeting was postponed due to the reason of heavy rain.",Aptitude,Sentence Improvement
"Rephrase appropriately: He insisted to pay the bill for everyone.",Aptitude,Sentence Improvement
"Select the word nearest in meaning to the word ABATE.",Aptitude,Synonyms
"Which word is a synonym of METICULOUS as used to describe an employee's work?",Aptitude,Synonyms
"Find a word similar in meaning to BENEVOLENT as it appears in formal writing.",Aptitude,Synonyms
"Give the closest synonym for the word CANDID.",Aptitude,Synonyms
"State a word that conveys the same meaning as PRUDENT.",Aptitude,Synonyms
"Identify a synonym for the word AMBIGUOUS in the context of a contract clause.",Aptitude,Synonyms
"Which word carries the same meaning as TENACIOUS?",Aptitude,Synonyms
"Provide a synonym for the word LUCID as used to describe an explanation.",Aptitude,Synonyms
"Choose a word closest in meaning to OBSOLETE.",Aptitude,Synonyms
"Find the synonym of the word PLAUSIBLE.",Aptitude,Synonyms
"Which term best matches the meaning of the word FRUGAL?",Aptitude,Synonyms
"Give a word similar in meaning to ALLEVIATE.",Aptitude,Synonyms
"Select the word opposite in meaning to SCARCE.",Aptitude,Antonyms
"What is the antonym of the word TRANSPARENT when used in a business context?",Aptitude,Antonyms
"Find the word that is opposite in meaning to HUMBLE.",Aptitude,Antonyms
"Give the antonym of the word EXPAND as used in an economic report.",Aptitude,Antonyms
"Which word means the opposite of OPTIMISTIC?",Aptitude,Antonyms
"Identify the antonym of the word TEMPORARY.",Aptitude,Antonyms
"State a word opposite in meaning to GENEROUS.",Aptitude,Antonyms
"Choose the antonym of the word CONDEMN.",Aptitude,Antonyms
"Provide a word contrary in meaning to FEEBLE.",Aptitude,Antonyms
"Find the opposite of the word ARTIFICIAL.",Aptitude,Antonyms
"Give a word opposite in meaning to ACCELERATE.",Aptitude,Antonyms
"What would be the antonym of the word VAGUE in a technical report?",Aptitude,Antonyms
"Give the one-word substitute for a person who speaks several languages fluently.",Aptitude,Vocabulary
"Which term describes a system of government run by officials and administrators?",Aptitude,Vocabulary
"Provide a single word for the study of the origin and history of words.",Aptitude,Vocabulary
"Which word denotes a speech delivered without any prior preparation?",Aptitude,Vocabulary
"Use the word 'discreet' correctly in a sentence relating to workplace conversations.",Aptitude,Vocabulary
"Distinguish between the usage of the words 'stationary' and 'stationery' with suitable examples.",Aptitude,Vocabulary
"Give the one-word expression for a person who is unable to make up his mind quickly.",Aptitude,Vocabulary
"Explain the meaning of the idiom 'to cut corners' as it would be used in a project review.",Aptitude,Vocabulary
"What does the phrase 'a blessing in disguise' convey in everyday usage?",Aptitude,Vocabulary
"Supply an appropriate word for a decision that cannot be changed or reversed.",Aptitude,Vocabulary
"Rearrange the following sentences into a coherent paragraph: (A) The results surprised everyone. (B) A survey was conducted last year. (C) It covered ten thousand households. (D) The findings were published recently.",Aptitude,Para Jumbles
"Arrange the given sentences in a logical sequence to form a meaningful passage on the growth of e-commerce in small towns.",Aptitude,Para Jumbles
"The following four sentences describe the working of a recruitment drive. Put them in the correct order.",Aptitude,Para Jumbles
"Reorder the given sentences so that the paragraph on climate change reads logically.",Aptitude,Para Jumbles
"Identify the sentence that should come first when the given jumbled statements on time management are rearranged.",Aptitude,Para Jumbles
"Which sentence will occupy the last position when the given set of statements on interview preparation is arranged properly?",Aptitude,Para Jumbles
"Rearrange the jumbled sentences describing the life cycle of a start-up into a coherent paragraph.",Aptitude,Para Jumbles
"Put the following statements about the invention of the printing press into a meaningful sequence.",Aptitude,Para Jumbles
"The six sentences given below form a passage on urban migration when arranged correctly. Determine the correct order.",Aptitude,Para Jumbles
"From the jumbled sentences on the importance of soft skills, find the pair of sentences that must appear together.",Aptitude,Para Jumbles
"Arrange the following instructions for filling an application form in the proper sequence.",Aptitude,Para Jumbles
"Sequence the given sentences describing a scientific experiment so that the paragraph becomes logically connected.",Aptitude,Para Jumbles
"Read the passage on renewable energy adoption in rural India and state the author's main argument.",Aptitude,Reading Comprehension
"Based on the given passage about workplace automation, explain what the writer fears most.",Aptitude,Reading Comprehension
"The passage discusses the decline of traditional handicrafts. Identify the reason cited by the author for this decline.",Aptitude,Reading Comprehension
"After reading the passage on urban air pollution, determine which measure the author considers most effective.",Aptitude,Reading Comprehension
"In the given comprehension passage about online learning, what tone does the writer adopt towards technology?",Aptitude,Reading Comprehension
"Read the extract about the Indian monsoon and infer its impact on agricultural planning.",Aptitude,Reading Comprehension
"The passage describes the history of the postal system. Deduce what the author implies about modern communication.",Aptitude,Reading Comprehension
"From the given passage on employee motivation, identify the meaning of the word 'incentive' as used in the third paragraph.",Aptitude,Reading Comprehension
"Read the passage about a tiger conservation project and state which conclusion is best supported by it.",Aptitude,Reading Comprehension
"According to the passage on financial literacy, what is the primary obstacle faced by first-time investors?",Aptitude,Reading Comprehension
"The given passage compares two economic models. Summarise the distinction the author draws between them.",Aptitude,Reading Comprehension
"Based on the comprehension passage about space exploration, suggest an appropriate title for the passage.",Aptitude,Reading Comprehension
"Fill in the blank: The manager was not ______ with the quality of the report submitted by the intern.",Aptitude,Fill in the Blanks
"Complete the sentence with a suitable word: The new policy will come ______ effect from the first of April.",Aptitude,Fill in the Blanks
"Choose an appropriate word to complete the sentence: Despite repeated reminders he failed to ______ the assignment on time.",Aptitude,Fill in the Blanks
"Fill in the blanks with suitable prepositions: She has been working ______ this project ______ March.",Aptitude,Fill in the Blanks
"Insert the correct word: The two departments must ______ closely to meet the deadline.",Aptitude,Fill in the Blanks
"Complete the following sentence: The candidate's answers were so ______ that the panel could not follow his reasoning.",Aptitude,Fill in the Blanks
"Fill in the blank with the right form of the verb: By the time we reached the venue, the ceremony ______ already begun.",Aptitude,Fill in the Blanks
"Supply a suitable conjunction: He worked hard ______ he could not clear the cut-off.",Aptitude,Fill in the Blanks
"Fill in the blank: The company decided to ______ its operations to three more states this year.",Aptitude,Fill in the Blanks
"Complete the sentence appropriately: A good leader must be ______ enough to accept criticism.",Aptitude,Fill in the Blanks
"Fill in both the blanks suitably: The report was ______ detailed ______ difficult to summarise.",Aptitude,Fill in the Blanks
"Choose the right article to complete the sentence: He is ______ honest officer respected by all.",Aptitude,Fill in the Blanks
"Find the part of the sentence containing an error: One of my friend / is going / to Canada / next month.",Aptitude,Error Detection
"Spot the error in the sentence: The teacher said / that honesty / is the best / policy.",Aptitude,Error Detection
"Identify the erroneous segment: He has been / living in this city / since ten years / without any complaint.",Aptitude,Error Detection
"Locate the error in the sentence: The number of / accidents on this road / have increased / considerably.",Aptitude,Error Detection
"Detect the mistake: Neither the manager / nor his assistants / was present / at the meeting.",Aptitude,Error Detection
"Which part of the sentence contains an error: If he would have / prepared well, / he would have / cleared the test.",Aptitude,Error Detection
"Point out the error: She is more / intelligent than / any girl / in her class.",Aptitude,Error Detection
"Find the incorrect part: The committee / have decided / to postpone / the annual function.",Aptitude,Error Detection
"Spot the grammatical error: I look forward / to meet you / at the seminar / next week.",Aptitude,Error Detection
"Identify the error segment: Each of the students / were given / a certificate / of participation.",Aptitude,Error Detection
"Detect the error in the following sentence: He discussed about / the project / with his / team members.",Aptitude,Error Detection
"Find the faulty part: Hardly I had / reached the airport / when the flight / was announced.",Aptitude,Error Detection
"Convert the sentence into indirect speech: He said, 'I am preparing for the placement drive.'",Aptitude,Grammar
"Change the voice of the sentence: The committee has approved the new proposal.",Aptitude,Grammar
"Transform the following into a complex sentence: He was tired, so he went to bed early.",Aptitude,Grammar
"Change the following into the passive voice: Someone has stolen my bicycle.",Aptitude,Grammar
"Convert into reported speech: The interviewer asked, 'Why do you want to join our company?'",Aptitude,Grammar
"Identify the tense used in the sentence: She had been waiting for the results for two weeks.",Aptitude,Grammar
"Rewrite using the superlative degree: No other student in the class is as diligent as Ramya.",Aptitude,Grammar
"Supply the correct form of the verb: If he ______ harder, he would have secured the job.",Aptitude,Grammar
"Change the narration of the sentence: She said to me, 'Please submit the documents by Friday.'",Aptitude,Grammar
"Frame a suitable question tag for the sentence: He rarely attends the weekly review meetings.",Aptitude,Grammar
"Rewrite the sentence using the correct preposition: He is not interested ______ pursuing higher studies.",Aptitude,Grammar
"Join the two sentences using a suitable connector: The presentation was long. It held everyone's attention.",Aptitude,Grammar
"Identify the part of speech of the word 'fast' in the sentence: He completed the task fast.",Aptitude,Grammar
"Change the sentence into the negative form without altering its meaning: As soon as the bell rang, the students left.",Aptitude,Grammar
